{"cameraMode":{"drawMode":0,"name":"Shaded","section":"Shading Mode"},"sceneLighting":false,"audioPlay":false,"sceneViewState":{"m_AlwaysRefresh":false,"showFog":true,"showSkybox":false,"showFlares":true,"showImageEffects":true,"showParticleSystems":true,"showVisualEffectGraphs":true,"m_FxEnabled":true},"in2DMode":false,"pivot":{"x":0.0005664825439453125,"y":0.7093262672424316,"z":-0.036025017499923709},"rotation":{"x":1.7462902235365619e-9,"y":0.12149517983198166,"z":-1.3849811075772323e-8,"w":-0.9925926327705383},"size":1.201857566833496,"orthographic":true}