{"cameraMode":{"drawMode":0,"name":"Shaded","section":"Shading Mode"},"sceneLighting":true,"audioPlay":false,"sceneViewState":{"m_AlwaysRefresh":false,"showFog":true,"showSkybox":true,"showFlares":true,"showImageEffects":true,"showParticleSystems":true,"showVisualEffectGraphs":true,"m_FxEnabled":true},"in2DMode":false,"pivot":{"x":-0.14897607266902924,"y":7.211403846740723,"z":1.8233087062835694},"rotation":{"x":0.10887371003627777,"y":0.008231266401708126,"z":-0.0008914674399420619,"w":0.9940313696861267},"size":6.038247585296631,"orthographic":true}