{"cameraMode":{"drawMode":0,"name":"Shaded","section":"Shading Mode"},"sceneLighting":true,"audioPlay":false,"sceneViewState":{"m_AlwaysRefresh":false,"showFog":true,"showSkybox":true,"showFlares":true,"showImageEffects":true,"showParticleSystems":true,"showVisualEffectGraphs":true,"m_FxEnabled":true},"in2DMode":false,"pivot":{"x":-1.5783411264419556,"y":-4.513068675994873,"z":0.6927943825721741},"rotation":{"x":-0.034599773585796359,"y":-0.8450763821601868,"z":0.0550818033516407,"w":-0.5306915044784546},"size":2.2409791946411135,"orthographic":true}