{"cameraMode":{"drawMode":0,"name":"Shaded","section":"Shading Mode"},"sceneLighting":true,"audioPlay":false,"sceneViewState":{"m_AlwaysRefresh":false,"showFog":true,"showSkybox":true,"showFlares":true,"showImageEffects":true,"showParticleSystems":true,"showVisualEffectGraphs":true,"m_FxEnabled":true},"in2DMode":false,"pivot":{"x":-0.38535404205322268,"y":2.6803832054138185,"z":-0.38604262471199038},"rotation":{"x":0.1552150547504425,"y":0.24894806742668153,"z":-0.04044496640563011,"w":0.9551504850387573},"size":1.7205272912979127,"orthographic":true}