{"cameraMode":{"drawMode":0,"name":"Shaded","section":"Shading Mode"},"sceneLighting":true,"audioPlay":false,"sceneViewState":{"m_AlwaysRefresh":false,"showFog":true,"showSkybox":true,"showFlares":true,"showImageEffects":true,"showParticleSystems":true,"showVisualEffectGraphs":true,"m_FxEnabled":true},"in2DMode":false,"pivot":{"x":-4.542659759521484,"y":9.844461441040039,"z":-13.196599006652832},"rotation":{"x":-0.36364614963531496,"y":-0.27734699845314028,"z":0.11435852944850922,"w":-0.8819245100021362},"size":10.240151405334473,"orthographic":true}