{"cameraMode":{"drawMode":0,"name":"Shaded","section":"Shading Mode"},"sceneLighting":true,"audioPlay":false,"sceneViewState":{"m_AlwaysRefresh":false,"showFog":true,"showSkybox":true,"showFlares":true,"showImageEffects":true,"showParticleSystems":true,"showVisualEffectGraphs":true,"m_FxEnabled":true},"in2DMode":false,"pivot":{"x":1788.9808349609375,"y":1277.013427734375,"z":-1006.3997802734375},"rotation":{"x":0.3768618106842041,"y":0.6215276718139648,"z":-0.5132738351821899,"w":0.45629918575286868},"size":0.2118091732263565,"orthographic":false}