{"cameraMode":{"drawMode":0,"name":"Shaded","section":"Shading Mode"},"sceneLighting":true,"audioPlay":false,"sceneViewState":{"m_AlwaysRefresh":false,"showFog":true,"showSkybox":true,"showFlares":true,"showImageEffects":true,"showParticleSystems":true,"showVisualEffectGraphs":true,"m_FxEnabled":true},"in2DMode":false,"pivot":{"x":-0.15090958774089814,"y":2.078723669052124,"z":-0.25248482823371889},"rotation":{"x":0.09286379814147949,"y":-0.20755703747272492,"z":0.019794687628746034,"w":0.973613977432251},"size":0.4140087068080902,"orthographic":true}