{"cameraMode":{"drawMode":0,"name":"Shaded","section":"Shading Mode"},"sceneLighting":true,"audioPlay":false,"sceneViewState":{"m_AlwaysRefresh":false,"showFog":true,"showSkybox":true,"showFlares":true,"showImageEffects":true,"showParticleSystems":true,"showVisualEffectGraphs":true,"m_FxEnabled":true},"in2DMode":false,"pivot":{"x":-7.7153520584106449,"y":0.07500004768371582,"z":6.247905731201172},"rotation":{"x":-0.0879799872636795,"y":-0.0076629226095974449,"z":0.0005907455924898386,"w":-0.9961484670639038},"size":2.2963967323303224,"orthographic":true}