{"cameraMode":{"drawMode":0,"name":"Shaded","section":"Shading Mode"},"sceneLighting":true,"audioPlay":false,"sceneViewState":{"m_AlwaysRefresh":false,"showFog":true,"showSkybox":true,"showFlares":true,"showImageEffects":true,"showParticleSystems":true,"showVisualEffectGraphs":true,"m_FxEnabled":true},"in2DMode":false,"pivot":{"x":0.0018905699253082276,"y":1.2897955179214478,"z":-0.053764015436172488},"rotation":{"x":0.04163045063614845,"y":0.589542806148529,"z":-0.030436033383011819,"w":0.8060898184776306},"size":1.7259411811828614,"orthographic":true}