{"cameraMode":{"drawMode":0,"name":"Shaded","section":"Shading Mode"},"sceneLighting":true,"audioPlay":false,"sceneViewState":{"m_AlwaysRefresh":false,"showFog":true,"showSkybox":true,"showFlares":true,"showImageEffects":true,"showParticleSystems":true,"showVisualEffectGraphs":true,"m_FxEnabled":true},"in2DMode":false,"pivot":{"x":0.16285905241966248,"y":0.29048261046409609,"z":-1.2331717014312745},"rotation":{"x":-0.20874321460723878,"y":0.01232047751545906,"z":-0.002629073103889823,"w":-0.9778756499290466},"size":4.733069896697998,"orthographic":false}