{"cameraMode":{"drawMode":0,"name":"Shaded","section":"Shading Mode"},"sceneLighting":true,"audioPlay":false,"sceneViewState":{"m_AlwaysRefresh":false,"showFog":true,"showSkybox":true,"showFlares":true,"showImageEffects":true,"showParticleSystems":true,"showVisualEffectGraphs":true,"m_FxEnabled":true},"in2DMode":false,"pivot":{"x":2448.842529296875,"y":676.7031860351563,"z":362.2583312988281},"rotation":{"x":0.01701543852686882,"y":-0.09406718611717224,"z":0.0016158630605787039,"w":0.995421826839447},"size":1245.1893310546875,"orthographic":true}