{"cameraMode":{"drawMode":0,"name":"Shaded","section":"Shading Mode"},"sceneLighting":true,"audioPlay":false,"sceneViewState":{"m_AlwaysRefresh":false,"showFog":true,"showSkybox":true,"showFlares":true,"showImageEffects":true,"showParticleSystems":true,"showVisualEffectGraphs":true,"m_FxEnabled":true},"in2DMode":false,"pivot":{"x":0.5981270670890808,"y":2.6389567852020265,"z":-2.3656246662139894},"rotation":{"x":0.1698639839887619,"y":-0.1241837739944458,"z":0.021781550720334054,"w":0.9774372577667236},"size":4.464773654937744,"orthographic":true}