{"cameraMode":{"drawMode":0,"name":"Shaded","section":"Shading Mode"},"sceneLighting":true,"audioPlay":false,"sceneViewState":{"m_AlwaysRefresh":false,"showFog":true,"showSkybox":true,"showFlares":true,"showImageEffects":true,"showParticleSystems":true,"showVisualEffectGraphs":true,"m_FxEnabled":true},"in2DMode":false,"pivot":{"x":0.0005664825439453125,"y":1.0844430923461915,"z":-0.036025017499923709},"rotation":{"x":-0.1462334394454956,"y":-0.05655699223279953,"z":0.008374296128749848,"w":-0.987609326839447},"size":5.836818695068359,"orthographic":true}